../index.html,< Government Menu
http://centralelgin.org/,Central Elgin
http://centralelgin.civicwebcms.com/content/council,Central Elgin - Council
https://centralelgin.civicweb.net/filepro/documents,Central Elgin - Documents
https://www.centralelgin.org/en/municipal-office/municipal-office.aspx#,Central Elgin - Municipal Office 
https://www.london.ca/residents/Roads-Transportation/Road-Construction/Pages/RoadReport.aspx,City of London - Road Report
http://stthomas.ca/,City of St. Thomas
http://stthomas.ca/content/construction-projects/,City of St Thomas - Construction Projects
http://www.elgincounty.ca/,Elgin County
http://www.elgincounty.ca/archives,Elgin County - Archives
http://www.southwold.ca/,Southwold
https://stthomaspubliclibrary.ca/,St. Thomas Public Library
http://trackmyplow.com/,Track My Plow
