../index.html,< Reference Menu
http://www.nrcan.gc.ca/earth-sciences/geography/atlas-canada,Atlas of Canada
https://www.bing.com/mapspreview,Bing Maps
http://cmap.city.st-thomas.on.ca/c_map/,CMap
http://digital.library.mcgill.ca/CountyAtlas/,County Atlas
https://www.google.ca/maps/,Google Maps
http://www.elginmapping.ca/,Elgin Mapping
http://www.historicmapworks.com/,Historic Map Works
https://www.ontario.ca/page/land-information-ontario,Land Information Ontario
https://geographic.org/streetview/canada/on/city_of_st_thomas.html,"List of Street Names in City of St. Thomas, Ontario, Maps and Street Views, Geographic.org"
https://www.mapquest.com/search,MapQuest
https://www.google.com/earth/,Google Earth
http://www.nrcan.gc.ca/earth-sciences/geography/atlas-canada,The Atlas of Canada
https://maps.yahoo.com/b/,Yahoo Maps
